artifact	path
status_summary	/Users/free_1/Library/Mobile Documents/iCloud~md~obsidian/Documents/cpp-checker/branch_3/artifacts/lca_tree_stress_v5/smoke_latest_status/summary.txt
status_report	/Users/free_1/Library/Mobile Documents/iCloud~md~obsidian/Documents/cpp-checker/branch_3/artifacts/lca_tree_stress_v5/smoke_latest_status/latest_status_report.md
status_iteration_evidence	/Users/free_1/Library/Mobile Documents/iCloud~md~obsidian/Documents/cpp-checker/branch_3/artifacts/lca_tree_stress_v5/smoke_latest_status/iteration_evidence.txt
status_retry_loop_control	/Users/free_1/Library/Mobile Documents/iCloud~md~obsidian/Documents/cpp-checker/branch_3/artifacts/lca_tree_stress_v5/smoke_latest_status/retry_loop_control.json
status_diagnostics_manifest	/Users/free_1/Library/Mobile Documents/iCloud~md~obsidian/Documents/cpp-checker/branch_3/artifacts/lca_tree_stress_v5/smoke_latest_status/diagnostics_manifest.tsv
status_run_record	/Users/free_1/Library/Mobile Documents/iCloud~md~obsidian/Documents/cpp-checker/branch_3/artifacts/lca_tree_stress_v5/smoke_latest_status/run_record.json
status_run_comparison	/Users/free_1/Library/Mobile Documents/iCloud~md~obsidian/Documents/cpp-checker/branch_3/artifacts/lca_tree_stress_v5/smoke_latest_status/run_comparison.json
run_history_index	/Users/free_1/Library/Mobile Documents/iCloud~md~obsidian/Documents/cpp-checker/branch_3/artifacts/lca_tree_stress_v5/smoke_run_history/history.tsv
run_archive_root	/Users/free_1/Library/Mobile Documents/iCloud~md~obsidian/Documents/cpp-checker/branch_3/artifacts/lca_tree_stress_v5/smoke_run_history/run.YM7WZm
run_console_stderr	/Users/free_1/Library/Mobile Documents/iCloud~md~obsidian/Documents/cpp-checker/branch_3/artifacts/lca_tree_stress_v5/smoke_run_history/run.YM7WZm/console.stderr.txt
run_archive_manifest	/Users/free_1/Library/Mobile Documents/iCloud~md~obsidian/Documents/cpp-checker/branch_3/artifacts/lca_tree_stress_v5/smoke_run_history/run.YM7WZm/artifact_manifest.tsv
published_smoke_summary	/Users/free_1/Library/Mobile Documents/iCloud~md~obsidian/Documents/cpp-checker/branch_3/artifacts/lca_tree_stress_v5/smoke/summary.txt
published_smoke_status_report	/Users/free_1/Library/Mobile Documents/iCloud~md~obsidian/Documents/cpp-checker/branch_3/artifacts/lca_tree_stress_v5/smoke/status_report.md
published_smoke_failure_report	/Users/free_1/Library/Mobile Documents/iCloud~md~obsidian/Documents/cpp-checker/branch_3/artifacts/lca_tree_stress_v5/smoke/failure_report.md
published_smoke_iteration_evidence	/Users/free_1/Library/Mobile Documents/iCloud~md~obsidian/Documents/cpp-checker/branch_3/artifacts/lca_tree_stress_v5/smoke/iteration_evidence.txt
published_smoke_retry_loop_control	/Users/free_1/Library/Mobile Documents/iCloud~md~obsidian/Documents/cpp-checker/branch_3/artifacts/lca_tree_stress_v5/smoke/retry_loop_control.json
published_smoke_diagnostics_manifest	/Users/free_1/Library/Mobile Documents/iCloud~md~obsidian/Documents/cpp-checker/branch_3/artifacts/lca_tree_stress_v5/smoke/diagnostics_manifest.tsv
published_smoke_standard_gap_json	/Users/free_1/Library/Mobile Documents/iCloud~md~obsidian/Documents/cpp-checker/branch_3/artifacts/lca_tree_stress_v5/smoke/standard_gap.json
published_smoke_run_record	/Users/free_1/Library/Mobile Documents/iCloud~md~obsidian/Documents/cpp-checker/branch_3/artifacts/lca_tree_stress_v5/smoke/run_record.json
published_smoke_run_comparison	/Users/free_1/Library/Mobile Documents/iCloud~md~obsidian/Documents/cpp-checker/branch_3/artifacts/lca_tree_stress_v5/smoke/run_comparison.json
source_root	/Users/free_1/Library/Mobile Documents/iCloud~md~obsidian/Documents/cpp-checker/branch_3/artifacts/lca_tree_stress_v5/smoke
smoke_output_root	/Users/free_1/Library/Mobile Documents/iCloud~md~obsidian/Documents/cpp-checker/branch_3/artifacts/lca_tree_stress_v5/smoke
smoke_failure_root	/Users/free_1/Library/Mobile Documents/iCloud~md~obsidian/Documents/cpp-checker/branch_3/artifacts/lca_tree_stress_v5/smoke_latest_failure
launcher_failure_root	/Users/free_1/Library/Mobile Documents/iCloud~md~obsidian/Documents/cpp-checker/branch_3/artifacts/lca_tree_stress_v5/smoke_launcher_latest_failure
