artifact	path	exists	note
status_summary	/Users/free_1/Library/Mobile Documents/iCloud~md~obsidian/Documents/cpp-checker/branch_3/artifacts/lca_tree_stress_v5/smoke_latest_status/summary.txt	1	stable machine-readable status summary
status_report	/Users/free_1/Library/Mobile Documents/iCloud~md~obsidian/Documents/cpp-checker/branch_3/artifacts/lca_tree_stress_v5/smoke_latest_status/latest_status_report.md	1	human-readable status report
status_iteration_evidence	/Users/free_1/Library/Mobile Documents/iCloud~md~obsidian/Documents/cpp-checker/branch_3/artifacts/lca_tree_stress_v5/smoke_latest_status/iteration_evidence.txt	1	stable key-value iteration handoff with stage labels and retry paths
status_retry_loop_control	/Users/free_1/Library/Mobile Documents/iCloud~md~obsidian/Documents/cpp-checker/branch_3/artifacts/lca_tree_stress_v5/smoke_latest_status/retry_loop_control.json	1	machine-readable retry-loop and next-gate continuation control
status_run_record	/Users/free_1/Library/Mobile Documents/iCloud~md~obsidian/Documents/cpp-checker/branch_3/artifacts/lca_tree_stress_v5/smoke_latest_status/run_record.json	1	machine-readable record for the current smoke invocation
status_run_comparison	/Users/free_1/Library/Mobile Documents/iCloud~md~obsidian/Documents/cpp-checker/branch_3/artifacts/lca_tree_stress_v5/smoke_latest_status/run_comparison.json	1	machine-readable comparison between the current run and the previous archived run
run_history_root	/Users/free_1/Library/Mobile Documents/iCloud~md~obsidian/Documents/cpp-checker/branch_3/artifacts/lca_tree_stress_v5/smoke_run_history	1	parent directory containing per-run smoke archives
run_history_index	/Users/free_1/Library/Mobile Documents/iCloud~md~obsidian/Documents/cpp-checker/branch_3/artifacts/lca_tree_stress_v5/smoke_run_history/history.tsv	1	append-only ledger of smoke outcomes across iterations
run_archive_root	/Users/free_1/Library/Mobile Documents/iCloud~md~obsidian/Documents/cpp-checker/branch_3/artifacts/lca_tree_stress_v5/smoke_run_history/run.000023	1	per-run immutable archive for this launcher invocation
run_console_stderr	/Users/free_1/Library/Mobile Documents/iCloud~md~obsidian/Documents/cpp-checker/branch_3/artifacts/lca_tree_stress_v5/smoke_run_history/run.000023/console.stderr.txt	1	launcher stderr transcript captured for this invocation
run_dispatch_result	/Users/free_1/Library/Mobile Documents/iCloud~md~obsidian/Documents/cpp-checker/branch_3/artifacts/lca_tree_stress_v5/smoke_run_history/run.000023/dispatch_result.txt	1	launcher dispatch result snapshot captured for this invocation
run_archive_manifest	/Users/free_1/Library/Mobile Documents/iCloud~md~obsidian/Documents/cpp-checker/branch_3/artifacts/lca_tree_stress_v5/smoke_run_history/run.000023/artifact_manifest.tsv	1	inventory of copied artifacts preserved for this invocation
smoke_output_root	/Users/free_1/Library/Mobile Documents/iCloud~md~obsidian/Documents/cpp-checker/branch_3/artifacts/lca_tree_stress_v5/smoke	1	published smoke output root for passing runs
smoke_failure_root	/Users/free_1/Library/Mobile Documents/iCloud~md~obsidian/Documents/cpp-checker/branch_3/artifacts/lca_tree_stress_v5/smoke_latest_failure	0	stable preserved smoke failure root
source_root	/Users/free_1/Library/Mobile Documents/iCloud~md~obsidian/Documents/cpp-checker/branch_3/artifacts/lca_tree_stress_v5/smoke	1	root bundle behind the normalized outcome
smoke_suite_config	/Users/free_1/Library/Mobile Documents/iCloud~md~obsidian/Documents/cpp-checker/branch_3/artifacts/lca_tree_stress_v5/smoke/suite_config.txt	1	suite policy and retry/build configuration
smoke_suite_plan	/Users/free_1/Library/Mobile Documents/iCloud~md~obsidian/Documents/cpp-checker/branch_3/artifacts/lca_tree_stress_v5/smoke/suite_plan.tsv	1	deterministic smoke case plan
smoke_environment_validation	/Users/free_1/Library/Mobile Documents/iCloud~md~obsidian/Documents/cpp-checker/branch_3/artifacts/lca_tree_stress_v5/smoke/environment_validation.txt	1	environment validation report from the smoke run
smoke_environment_preflight_manifest	/Users/free_1/Library/Mobile Documents/iCloud~md~obsidian/Documents/cpp-checker/branch_3/artifacts/lca_tree_stress_v5/smoke/environment_validation/preflight_manifest.tsv	1	setup preflight manifest from the smoke run
smoke_environment_setup_env	/Users/free_1/Library/Mobile Documents/iCloud~md~obsidian/Documents/cpp-checker/branch_3/artifacts/lca_tree_stress_v5/smoke/environment_validation/setup_env.txt	1	setup environment snapshot from the smoke run
smoke_environment_build_command	/Users/free_1/Library/Mobile Documents/iCloud~md~obsidian/Documents/cpp-checker/branch_3/artifacts/lca_tree_stress_v5/smoke/environment_validation/build.command.txt	1	isolated smoke build command snapshot
smoke_manifest_snapshot	/Users/free_1/Library/Mobile Documents/iCloud~md~obsidian/Documents/cpp-checker/branch_3/artifacts/lca_tree_stress_v5/smoke/environment_validation/smoke_cases.snapshot.tsv	1	frozen smoke manifest snapshot for this run
published_smoke_summary	/Users/free_1/Library/Mobile Documents/iCloud~md~obsidian/Documents/cpp-checker/branch_3/artifacts/lca_tree_stress_v5/smoke/summary.txt	1	stable smoke-root summary for downstream standard-gap capture
published_smoke_status_report	/Users/free_1/Library/Mobile Documents/iCloud~md~obsidian/Documents/cpp-checker/branch_3/artifacts/lca_tree_stress_v5/smoke/status_report.md	1	stable smoke-root human-readable report
published_smoke_failure_report	/Users/free_1/Library/Mobile Documents/iCloud~md~obsidian/Documents/cpp-checker/branch_3/artifacts/lca_tree_stress_v5/smoke/failure_report.md	0	stable smoke-root failure report for failed smoke runs
published_smoke_iteration_evidence	/Users/free_1/Library/Mobile Documents/iCloud~md~obsidian/Documents/cpp-checker/branch_3/artifacts/lca_tree_stress_v5/smoke/iteration_evidence.txt	1	stable smoke-root copy of the iteration handoff
published_smoke_retry_loop_control	/Users/free_1/Library/Mobile Documents/iCloud~md~obsidian/Documents/cpp-checker/branch_3/artifacts/lca_tree_stress_v5/smoke/retry_loop_control.json	1	stable smoke-root copy of the retry-loop continuation control
published_smoke_diagnostics_manifest	/Users/free_1/Library/Mobile Documents/iCloud~md~obsidian/Documents/cpp-checker/branch_3/artifacts/lca_tree_stress_v5/smoke/diagnostics_manifest.tsv	1	stable smoke-root diagnostics manifest mirror
published_smoke_standard_gap_json	/Users/free_1/Library/Mobile Documents/iCloud~md~obsidian/Documents/cpp-checker/branch_3/artifacts/lca_tree_stress_v5/smoke/standard_gap.json	1	machine-readable explanation of how this run relates to lca_tree_stress_v5
published_smoke_run_record	/Users/free_1/Library/Mobile Documents/iCloud~md~obsidian/Documents/cpp-checker/branch_3/artifacts/lca_tree_stress_v5/smoke/run_record.json	1	stable smoke-root copy of the current run record
published_smoke_run_comparison	/Users/free_1/Library/Mobile Documents/iCloud~md~obsidian/Documents/cpp-checker/branch_3/artifacts/lca_tree_stress_v5/smoke/run_comparison.json	1	stable smoke-root copy of the current-vs-previous run comparison
run_archive_iteration_evidence	/Users/free_1/Library/Mobile Documents/iCloud~md~obsidian/Documents/cpp-checker/branch_3/artifacts/lca_tree_stress_v5/smoke_run_history/run.000023/iteration_evidence.txt	1	copy of the stage-labeled iteration handoff preserved under the per-run archive
run_archive_run_record	/Users/free_1/Library/Mobile Documents/iCloud~md~obsidian/Documents/cpp-checker/branch_3/artifacts/lca_tree_stress_v5/smoke_run_history/run.000023/run_record.json	1	copy of the current run record preserved under the per-run archive
run_archive_run_comparison	/Users/free_1/Library/Mobile Documents/iCloud~md~obsidian/Documents/cpp-checker/branch_3/artifacts/lca_tree_stress_v5/smoke_run_history/run.000023/run_comparison.json	1	copy of the current-vs-previous run comparison preserved under the per-run archive
run_archive_source_root_snapshot	/Users/free_1/Library/Mobile Documents/iCloud~md~obsidian/Documents/cpp-checker/branch_3/artifacts/lca_tree_stress_v5/smoke_run_history/run.000023/source_root_snapshot	0	copy of the failure/source bundle preserved under the per-run archive
run_archive_source_failure_snapshot_manifest	/Users/free_1/Library/Mobile Documents/iCloud~md~obsidian/Documents/cpp-checker/branch_3/artifacts/lca_tree_stress_v5/smoke_run_history/run.000023/source_failure_snapshot_manifest.tsv	0	immutable per-run index that remaps source failure artifacts into the archived snapshot tree
run_archive_launcher_failure_snapshot	/Users/free_1/Library/Mobile Documents/iCloud~md~obsidian/Documents/cpp-checker/branch_3/artifacts/lca_tree_stress_v5/smoke_run_history/run.000023/launcher_failure_root_snapshot	0	copy of the launcher failure bundle preserved under the per-run archive
