sublemma_key	proof_status	assumptions	conclusion	proof_summary	evidence_path	missing_hypothesis	next_action
contract_equivalent_congruence_refinement_language_well_defined	proved_under_current_scope	equivalent coordinate notation and status language are fixed	refinement outcomes are comparable	The refinement distinguishes payload congruence, domain transfer, normal-form transfer, status congruence, reduction, named blocker, and deferred higher-support escape.	branch_4/90/runtime/equivalent_support_coordinate_notation_90.tsv;branch_4/90/runtime/status_preservation_language_90.tsv	none	use_refinement_language
payload_congruence_available	proof_sketch_only	accepted equivalence includes payload-role compatibility	payload roles merge through quotient	Payload roles are part of accepted equivalence, but layerwise payload refinement through quotient normalization remains a dedicated proof.	branch_4/90/runtime/equivalent_coordinate_congruence_refinement_90.tsv	layerwise payload refinement under quotient	payload_congruence_refinement_later
status_domain_transfer_well_defined	proof_sketch_only	status/certificate dependencies are quotient-compatible	source and quotient status domains are comparable	The transfer relation is first-class, but current artifacts do not prove arbitrary quotient status-domain invariance.	branch_4/90/runtime/contract_equivalent_status_domain_transfer_90.tsv	status-domain invariance theorem	status_domain_transfer_refinement
normal_form_transfer_well_defined	proof_sketch_only	pushforward(W,q) is defined	W_contract is status-domain eligible after normalization	The normal-form target is named, but quotient preservation of all status-relevant normal-form invariants remains open.	branch_4/90/runtime/contract_equivalent_normal_form_transfer_90.tsv	quotient normal-form preservation	normal_form_transfer_refinement
payload_plus_domain_implies_status_congruence	blocked_by_counterexample_status	payload congruence and domain transfer hold	status predicate is invariant	This requires a theorem that counterexample status is determined by quotient-compatible payload, domain, and normal-form data.	branch_4/90/runtime/equivalent_coordinate_congruence_refinement_90.tsv	status predicate determination theorem	status_predicate_congruence_refinement
normal_form_transfer_supports_status_congruence	proof_sketch_only	normal-form transfer holds	quotient witness is eligible for status comparison	Normal-form transfer supplies the status-domain precondition, but does not alone prove status congruence.	branch_4/90/runtime/contract_equivalent_normal_form_transfer_90.tsv	normal-form transfer theorem	normal_form_transfer_refinement
contraction_preserves_status_under_refined_congruence	proof_sketch_only	payload, domain, normal-form, and status predicate congruence hold	status is preserved	Under all refined congruence premises, preservation is direct; the missing premises are explicitly isolated.	branch_4/90/runtime/contract_equivalent_status_congruence_refinement_skeleton_90.tsv	refined congruence theorem	status_predicate_congruence_refinement
contraction_reduces_to_smaller_witness_if_status_domain_changes	blocked_by_smaller_witness	nontrivial quotient and contracted status remains valid	W_contract is a smaller witness	Measure decrease is proved, but validity of a changed quotient status as a reduced counterexample is not yet proved.	branch_4/90/runtime/contract_equivalent_support_coordinates_smaller_witness_90.tsv	valid reduced-status theorem	reduced_status_validity_refinement
contraction_failure_is_named_escape	proved_under_current_scope	preservation or valid reduction is not established	failure is a named blocker or deferred higher-support escape	The higher-support interface keeps operation-proof failure separate from true higher-support need; no failure is hidden as success.	branch_4/90/runtime/higher_support_escape_interface_90.tsv	none	use_failure_classification
