normal_form_component	definition	runtime_analogue	mathematical_role	required_verified_input	missing_sublemma	current_status
witness_object	Canonical counterexample witness as support plus schema/frontier/family data.	SparseLcaInstance;StructuredLocalSchema;frontier payload row	defines object to reduce	current support8 finite package	normalization_preserves_counterexample	proof_sketch_ready
support_set	Set of symbols/vertices involved in witness.	support size and schema symbol bound	defines support coordinate	bounded scope stats;support8 closure	support_bound_justification	current_limited_scope_defined
antecedent_consequent_atoms	Constraints/atoms forming the alleged gap.	schema atoms;SparseLcaConstraint rows	defines logical content	support8 shell theorem;basis theorem data	canonicalization_soundness	proof_sketch_ready
shell_index	Index of finite shell/frontier where witness belongs.	frontier tag/shell ladder row	defines shell coordinate	lower_frontier_ladder_inventory_90.tsv	shell_bound_or_extension	proof_sketch_ready
tail_descriptor	Tail position/pattern beyond bounded region.	support8_tail_stabilization_certificate_90.tsv	defines tail coordinate	tail pattern theorem;tail obstruction chain;shell16 escape routing	shell16 preflight for extension boundary	proof_sketch_ready_after_tail_bridge
frontier_row_link	Link from normalized witness to candidate/frontier row.	candidate universe TSV;frontier generation audit	defines finite package capture	direct lower-frontier subset fresh	frontier_ladder_completeness	proof_sketch_ready
family_chain_component	Family-chain layer/depth for family obstruction witnesses.	family_chain_lower_layers_inventory_90.tsv	defines family capture	bounded family-chain theorem;7/7 lower layers	family_chain_lift	proved_under_current_scope_for_bounded_family
survivor_status	Whether witness survives local exact, plus-one, or theorem-preserving checks.	survivor counts and obstruction chain notes	drives contradiction with finite package	shell theorem;tail chain;family-chain closure	finite_exhaustion_to_structural_lemma	proof_sketch_ready
canonical_fingerprint	Canonical rank/fingerprint of witness.	canonical_sparse_instance_fingerprint_;rowset fingerprints	tie breaker and equality witness	runtime rowset equality artifacts	canonicalization_soundness	proof_sketch_ready
